{
  "id": "4bcc49fe-26cc-4efe-9a2b-26a3d020dfbe",
  "name": "size",
  "isOverridable": true,
  "entries": [
    {
      "value": "small",
      "synonyms": [
        "small",
        "smallest",
        "10-inch"
      ]
    },
    {
      "value": "large",
      "synonyms": [
        "large",
        "big",
        "14-inch"
      ]
    },
    {
      "value": "medium",
      "synonyms": [
        "medium",
        "midde",
        "12-inch"
      ]
    }
  ],
  "isEnum": false,
  "automatedExpansion": true
}