{
  "id": "9e90a3b6-76a7-4d73-b18a-2f8c40f0b716",
  "name": "specialty",
  "isOverridable": true,
  "entries": [
    {
      "value": "meat lovers",
      "synonyms": [
        "meat lovers",
        "meat"
      ]
    },
    {
      "value": "canadian",
      "synonyms": [
        "canadian",
        "canadian bacon",
        "canadian bacon with pineapple",
        "canadian bacon and pineapp",
        "bacon and pineapple"
      ]
    },
    {
      "value": "vegetarian",
      "synonyms": [
        "vegetarian",
        "veggie",
        "vegetables",
        "no meat"
      ]
    }
  ],
  "isEnum": false,
  "automatedExpansion": true
}