{
  "id": "dc0c1e83-68e2-4a16-b023-3820c1f4a647",
  "name": "toppings",
  "isOverridable": true,
  "entries": [
    {
      "value": "pepperoni",
      "synonyms": [
        "pepperoni",
        "pepp"
      ]
    },
    {
      "value": "cheese",
      "synonyms": [
        "cheese",
        "plain"
      ]
    },
    {
      "value": "pineapple",
      "synonyms": [
        "pineapple"
      ]
    },
    {
      "value": "bacon",
      "synonyms": [
        "bacon",
        "canadian bacon"
      ]
    },
    {
      "value": "veggies",
      "synonyms": [
        "veggies"
      ]
    }
  ],
  "isEnum": false,
  "automatedExpansion": true
}